Team Source,Name,Total Steps,Avg Daily Steps,Daily Step Goal,Total Distance (mi),Total Distance (km),Avg Daily Distance (mi),Avg Daily Distance (km),2026-07-01,2026-07-02,2026-07-03,2026-07-04,2026-07-05,2026-07-06,2026-07-07,2026-07-08,2026-07-09,2026-07-10,2026-07-11,2026-07-12,2026-07-13,2026-07-14,2026-07-15,2026-07-16,2026-07-17,2026-07-18,2026-07-19,2026-07-20,2026-07-21,2026-07-22,2026-07-23,2026-07-24,2026-07-25,2026-07-26,2026-07-27,2026-07-28,2026-07-29,2026-07-30,2026-07-31,2026-08-01,2026-08-02,2026-08-03,2026-08-04,2026-08-05,2026-08-06,2026-08-07,2026-08-08,2026-08-09,2026-08-10,2026-08-11,2026-08-12,2026-08-13,2026-08-14,2026-08-15,2026-08-16,2026-08-17,2026-08-18,2026-08-19,2026-08-20,2026-08-21,2026-08-22,2026-08-23,2026-08-24,2026-08-25,2026-08-26,2026-08-27,2026-08-28,2026-08-29,2026-08-30,2026-08-31
Basalt Bees,Blake Adler,412695,7504,10000,195.2,314.5,3.55,5.72,9920,6644,9356,7762,4874,8958,7282,9329,11001,8957,10424,5373,11923,8008,8037,4195,10232,5203,N.A,3683,N.A,11739,5574,12016,4760,10258,N.A,6494,10849,5830,5683,9602,10328,11357,4831,10275,5217,4976,N.A,N.A,5770,5509,8737,4380,7407,9052,3558,7172,4054,N.A,N.A,7575,7935,11319,5498,5383,7939,3973,5483,4650,4351,12000
Basalt Bees,Casey Bishop,269416,4898,7500,127.4,205.3,2.32,3.73,N.A,6402,5446,2462,5896,6511,3771,5656,5179,3646,6042,N.A,4206,5079,6242,4846,6403,5552,3674,5382,2244,4441,6573,N.A,3824,5877,3447,4502,2316,N.A,6536,6458,7076,4080,3112,2437,2377,3437,4080,N.A,5826,5420,3415,4720,5249,6120,3608,5891,5135,7005,5302,6014,4737,N.A,6516,6453,N.A,5344,6370,4547,3444,3088
Basalt Bees,Drew Castro,213995,3690,10000,101.2,163.1,1.75,2.81,4504,2349,4475,1601,4093,2717,3289,3660,4533,4343,4706,N.A,4257,2312,3341,4558,4372,3170,2760,3135,2201,3027,3693,3653,2757,3464,N.A,5449,5146,3829,2340,N.A,2777,3291,4768,3512,3230,5411,4032,4524,1974,4928,1887,5393,4950,3225,2397,N.A,2124,4801,2575,5448,5313,3915,5326,3780,5019,5374,2278,2227,2731,3051
Cedar Owls,Emery Doyle,386074,7150,3000,182.6,294.2,3.38,5.45,3655,10629,4811,11586,4026,9946,4836,5424,12352,8569,7275,3768,9076,6751,8663,3873,N.A,3761,9556,11977,5094,7885,4891,6096,N.A,3894,7032,6032,9740,4618,11202,N.A,N.A,3803,4466,10632,5354,7903,7850,6069,N.A,8331,7899,8844,4004,10177,N.A,4561,8820,4748,4661,10911,N.A,7970,9417,6415,7426,9038,4253,9344,6160,N.A
Cedar Owls,Finley Ellis,347571,6558,5000,164.4,264.8,3.10,5.00,6031,6421,8559,9759,6003,N.A,3636,6743,2958,5099,N.A,4791,5216,N.A,5483,4351,5161,6073,4630,9581,3576,6481,9825,5155,9101,7780,3653,8028,7671,N.A,6099,3571,9965,5299,N.A,6429,6795,9135,8831,6281,5645,4444,N.A,4137,N.A,7986,3852,8174,N.A,N.A,9915,7810,9589,3724,8110,7926,7907,4973,8696,9333,4045,7135
Cedar Owls,Gray Foster,422226,7677,7500,199.7,321.7,3.63,5.85,10923,3508,9868,N.A,11286,5670,10753,N.A,11793,10495,6739,9583,9078,N.A,4337,8840,11794,4945,5794,10427,6727,4570,9071,7899,8795,5948,7149,4618,5420,10838,9853,7099,11768,10295,8384,5899,8582,5771,N.A,8181,4268,10929,3790,9454,6526,6116,6830,4135,8839,9798,5312,4756,5630,N.A,9223,7355,4476,6902,N.A,10327,4860,N.A
Dune Runners,Harper Grant,410473,8209,7500,194.2,312.8,3.88,6.26,4344,N.A,4770,5778,12305,8941,8276,N.A,6776,9248,10850,N.A,6110,N.A,5036,6523,N.A,10840,N.A,5467,N.A,5912,11547,9790,4513,8789,10850,11899,9183,N.A,11854,10920,6605,6218,8376,9861,9374,4443,11328,8658,8469,7109,9758,7785,9818,4250,10602,N.A,3762,10854,12030,8304,N.A,4012,N.A,N.A,11394,10060,6861,7159,8036,4826
Dune Runners,Indigo Hayes,546438,9935,7500,258.5,416.4,4.70,7.57,12516,4890,9704,N.A,13748,7513,15435,14731,8643,11906,11880,12596,6361,12326,N.A,9141,7873,8742,13464,5715,14630,N.A,14805,5924,N.A,6494,7764,11691,15273,4807,8729,13194,7753,9633,N.A,N.A,10718,10340,9212,6494,11086,N.A,8092,14335,11995,4535,9702,12268,5148,5171,8538,9180,5547,9819,5408,7673,10516,13298,14722,13883,13118,7759
Dune Runners,Jules Ibarra,464359,9105,10000,219.6,353.8,4.31,6.94,7435,12417,10905,6222,9807,8329,N.A,12230,4502,7500,12946,11091,7396,7370,7610,4671,13819,8618,14438,N.A,6314,5184,5853,13384,9703,4638,5858,6933,13024,12443,6953,7807,10647,N.A,5527,9206,10862,7148,4457,N.A,4513,14591,6849,N.A,9577,11326,N.A,10395,N.A,9118,N.A,12979,10585,9630,9222,N.A,N.A,14160,7747,N.A,6307,14113
Ember Otters,Kai Jensen,549925,9999,5000,260.1,419.0,4.73,7.62,7954,14217,11532,11798,N.A,11032,7539,5612,6375,10923,6875,11063,8462,7031,9441,14865,6102,5612,9584,8291,9690,5003,12456,8894,10718,8473,11909,12367,12787,12334,9397,11667,8035,15427,8282,13470,8657,8737,N.A,15061,N.A,5972,10747,13432,5379,7525,13076,6860,8106,4831,10358,14004,15043,N.A,N.A,7878,N.A,14838,12284,14908,N.A,7012
Fjord Falcons,Lane Keller,368187,6136,7500,174.2,280.6,2.90,4.68,3703,7322,7673,6876,6064,3143,3585,N.A,3800,3538,6919,8188,4282,4365,6701,8604,5628,3299,8437,9142,8932,3404,3501,4870,6343,7212,6353,3738,6246,8478,4866,3373,7863,N.A,5414,3576,8449,7887,3355,5399,5169,8610,8620,8099,5489,5197,5794,4864,7008,6297,9340,7939,8482,6180,6994,7676,3598,7031,4317,6731,7287,6937
Fjord Falcons,Morgan Lowe,360205,6319,7500,170.4,274.5,2.99,4.82,6091,6567,7713,6086,6987,4142,8452,N.A,9196,8284,6935,6080,7319,6040,3984,4103,8263,4653,7394,4823,7074,4926,5011,7529,5429,6729,5290,4767,7114,6833,4165,5326,4073,6914,7180,6928,3022,4844,9141,8446,N.A,9046,7913,6313,N.A,9246,8909,N.A,N.A,3812,5813,5497,8696,7612,3643,6793,4981,3091,8407,2945,7619,6016
Fjord Falcons,Nico Marsh,645876,11136,5000,305.5,492.2,5.27,8.49,N.A,6734,7603,12431,15349,12490,6313,12206,11998,6612,8755,12147,16031,7507,13373,9308,13627,13407,16908,N.A,8605,14870,6428,13102,9947,10082,13256,15795,5125,10517,11869,7940,16802,11295,5028,10792,7404,16737,5327,N.A,12568,14408,5824,13599,10319,9384,6751,9378,6650,7927,14472,N.A,16722,16082,9783,12176,12319,12178,12413,17009,7754,14440
Granite Geese,Oakley Nash,295295,5181,3000,139.7,225.0,2.45,3.95,2700,3356,2874,N.A,7355,2558,6326,3280,6664,4268,N.A,6991,6209,5645,5023,6880,2494,5782,2396,5348,7462,2371,3960,2795,N.A,5406,6775,7399,2869,6314,6845,4458,7337,3810,7246,N.A,4167,6118,N.A,6150,7162,4883,6766,3752,6955,3421,4871,3402,6561,5216,5186,6068,6610,2827,6901,7128,2519,3995,6060,6294,7131,3956
Harbor Herons,Parker Ortiz,333518,6064,3000,157.8,254.1,2.87,4.62,5135,5608,7185,7706,N.A,8859,5338,3721,9322,N.A,7380,9634,7229,3330,5083,7578,7799,5484,6448,4953,6252,7252,3670,9247,3006,8549,N.A,3037,4044,9586,7776,7386,5143,N.A,7117,5128,N.A,N.A,4395,7506,4987,4374,4573,3683,5608,7010,4458,6272,7812,4126,4615,3259,6764,8933,N.A,9231,4733,6710,6644,6063,3212,3565
Amber Foxes,Quinn Price,633815,10564,3000,299.8,483.0,5.00,8.05,5358,10500,12301,8504,10008,11931,8976,7537,7120,13211,5092,8932,16304,13467,9501,9688,14724,13657,13983,10823,11222,9120,15462,15756,5986,12694,12739,7322,10967,7433,N.A,6297,5175,16238,15402,11443,5546,11944,12157,5254,6873,14540,9441,7919,5706,5721,13097,11049,4987,N.A,9731,12946,5512,16226,13998,14782,14523,11422,14223,14472,11225,5648
Amber Foxes,Alex Rivera,211043,3908,7500,99.8,160.8,1.85,2.98,6373,9192,3052,2534,3948,2879,4641,N.A,3430,5679,3743,2848,4850,5208,4317,2119,5646,5451,3170,N.A,4625,5114,N.A,N.A,4709,4383,3992,4533,2847,5286,2671,5272,2166,2126,N.A,2305,3474,2943,3160,3019,2276,2946,5256,2255,3545,3218,4266,4162,3009,2090,4480,2074,N.A,5555,5137,4060,2256,3745,5662,3346,N.A,N.A
Amber Foxes,Rowan Reyes,621486,11300,5000,294.0,473.6,5.34,8.61,9122,8550,15587,14544,6990,12705,14223,12850,11838,14031,N.A,5628,N.A,6813,13332,13761,N.A,10737,13240,8915,12693,10619,13124,6680,8736,N.A,6979,12676,6983,12499,16891,10112,8062,8048,8250,6963,13559,6524,14218,11222,16686,11851,13093,14211,15987,11364,N.A,16684,9436,9290,15307,N.A,10847,N.A,14082,10149,9049,13424,7688,14869,13651,6114
Iris Ibex,Sage Stone,352316,6524,10000,166.6,268.5,3.09,4.97,4296,4237,3815,9156,N.A,5666,5935,8219,6793,3583,5960,3270,8069,8165,6976,8753,10505,N.A,4229,5618,6118,4717,9563,8996,8379,6501,4844,8670,N.A,6206,N.A,6955,4628,3761,8895,7346,9416,6236,3551,3758,4813,4844,8707,4567,10038,N.A,N.A,6979,N.A,4285,5638,9730,7988,7069,N.A,4425,6266,10279,3739,7653,3955,9556
Iris Ibex,Tatum Tran,232569,4080,7500,110.0,177.2,1.93,3.11,2223,3111,5284,2374,3573,4183,3752,5679,N.A,2293,4747,1819,3181,5463,4751,4045,4932,5783,3028,5644,3152,N.A,5423,5153,4136,5419,4063,4425,5819,4189,2377,4172,4697,3347,4293,N.A,3788,1945,5272,N.A,2893,5380,5533,4836,3676,5573,3801,3947,4658,4330,4073,2761,1929,5070,5139,4842,2834,4561,3192,3284,N.A,2722
Juniper Jays,Wren Vega,257631,4367,7500,121.9,196.3,2.07,3.33,2897,2243,5481,6732,5281,2326,2411,4732,4442,6290,3473,3425,6103,3903,3444,6707,3259,3116,4473,4779,3127,5926,4536,2368,4209,5911,4027,5989,3857,N.A,2213,5011,6369,2839,5427,2365,3992,6154,5582,5437,4537,4446,N.A,5082,N.A,3826,2688,4634,5532,2162,2120,5430,6805,6158,2827,6479,2624,3962,6708,4623,2896,3236
Juniper Jays,Zion Wells,448355,8152,5000,212.1,341.6,3.86,6.21,8181,11413,9542,10063,7700,8276,10522,10619,N.A,10157,3687,10870,8245,6403,N.A,4716,9844,10082,8183,9234,7688,5576,10069,11590,10534,4785,8181,N.A,10470,7721,8183,5759,5081,7632,3974,6313,7437,6009,7701,7097,10907,9721,8484,6465,4377,5092,6497,5975,9684,6223,10054,8224,11273,N.A,11011,N.A,8252,N.A,8281,N.A,11188,7110
Juniper Jays,Ari Young,640880,11652,7500,303.1,488.4,5.51,8.88,10993,5481,16728,6509,16722,9757,13112,9547,5981,N.A,5315,9704,N.A,N.A,16385,14672,15741,14044,9593,6501,12747,12362,N.A,9988,15767,6149,18120,12489,16267,6643,14728,N.A,7017,7911,5586,16487,9001,18121,N.A,12759,15733,13388,12048,17833,15706,12996,11096,5344,7381,13423,10247,16101,N.A,9071,12074,16518,13261,10467,5961,8437,8156,16712
